"customer_segment","total_ltv","customer_count","avg_ltv"
"3 - High-value",135429277.26549858,12372,10946.433661938132
"2 - Mid-value",66636451.787238546,24743,2693.143587569759
"1 - Low-value",4341809.527328128,12372,350.9383711063796
